date,num,topic
2015/11/8,10,主题1
2015/11/9,15,主题1
2015/11/10,35,主题1
2015/11/14,7,主题1
2015/11/15,2,主题1
2015/11/16,17,主题1
2015/11/17,33,主题1
2015/11/18,40,主题1
2015/11/19,32,主题1
2015/11/20,26,主题1
2015/11/21,35,主题1
2015/11/22,40,主题1
2015/11/23,32,主题1
2015/11/24,26,主题1
2015/11/25,22,主题1
2015/11/8,35,主题2
2015/11/9,36,主题2
2015/11/10,37,主题2
2015/11/11,22,主题2
2015/11/12,24,主题2
2015/11/13,26,主题2
2015/11/14,34,主题2
2015/11/15,21,主题2
2015/11/16,18,主题2
2015/11/17,45,主题2
2015/11/18,32,主题2
2015/11/19,35,主题2
2015/11/20,30,主题2
2015/11/21,28,主题2
2015/11/22,27,主题2
2015/11/23,26,主题2
2015/11/24,15,主题2
2015/11/25,30,主题2
2015/11/26,35,主题2
2015/11/27,42,主题2
2015/11/28,42,主题2
2015/11/8,21,主题3
2015/11/9,25,主题3
2015/11/10,27,主题3
2015/11/11,23,主题3
2015/11/12,24,主题3
2015/11/13,21,主题3
2015/11/14,35,主题3
2015/11/15,39,主题3
2015/11/16,40,主题3
2015/11/17,36,主题3
2015/11/18,33,主题3
2015/11/19,43,主题3
2015/11/20,40,主题3
2015/11/21,34,主题3
2015/11/22,28,主题3
2015/11/14,7,主题4
2015/11/15,2,主题4
2015/11/16,17,主题4
2015/11/17,33,主题4
2015/11/18,40,主题4
2015/11/19,32,主题4
2015/11/20,26,主题4
2015/11/21,35,主题4
2015/11/22,40,主题4
2015/11/23,32,主题4
2015/11/24,26,主题4
2015/11/25,22,主题4
2015/11/26,16,主题4
2015/11/27,22,主题4
2015/11/28,10,主题4
2015/11/8,10,主题5
2015/11/9,15,主题5
2015/11/10,35,主题5
2015/11/11,38,主题5
2015/11/12,22,主题5
2015/11/13,16,主题5
2015/11/14,7,主题5
2015/11/15,2,主题5
2015/11/16,17,主题5
2015/11/17,33,主题5
2015/11/18,40,主题5
2015/11/19,32,主题5
2015/11/20,26,主题5
2015/11/21,35,主题5
2015/11/22,4,主题5
2015/11/23,32,主题5
2015/11/24,26,主题5
2015/11/25,22,主题5
2015/11/26,16,主题5
2015/11/27,22,主题5
2015/11/28,10,主题5
2015/11/8,10,主题6
2015/11/9,15,主题6
2015/11/10,35,主题6
2015/11/11,38,主题6
2015/11/12,22,主题6
2015/11/13,16,主题6
2015/11/14,7,主题6
2015/11/15,2,主题6
2015/11/16,17,主题6
2015/11/17,33,主题6
2015/11/18,4,主题6
2015/11/19,32,主题6
2015/11/20,26,主题6
2015/11/21,35,主题6
2015/11/22,40,主题6
2015/11/23,32,主题6
2015/11/24,26,主题6
2015/11/25,22,主题6
